Energy (eV),ICS (cm^2),MTCS (cm^2),s2S (cm^2),s2P (cm^2),t2S (cm^2),S3P (cm^2),s3D (cm^2),s3S (cm^2),t2P (cm^2),t3D (cm^2),s4F (cm^2),t3S (cm^2),T2P (cm^2),s4D (cm^2),t4F (cm^2),s4S (cm^2),s3P (cm^2),t4D (cm^2),s5F (cm^2),t4S (cm^2),t3P (cm^2),s5D (cm^2),t5F (cm^2),s5S (cm^2),T3P (cm^2),t5D (cm^2),s6F (cm^2),t5S (cm^2),s4P (cm^2),s6D (cm^2),t6F (cm^2),s6S (cm^2),t4P (cm^2)
0.001,4.952e-16,4.974e-16,,,,,,,,,,,,,,,,,,,,,,,,,,,,,,,
0.005,5.065e-16,5.113e-16,,,,,,,,,,,,,,,,,,,,,,,,,,,,,,,
0.01,5.144e-16,5.214e-16,,,,,,,,,,,,,,,,,,,,,,,,,,,,,,,
0.136,6.037e-16,6.348e-16,0.0,0.0,0.0,0.0,0.0,0.0,0.0,0.0,0.0,0.0,0.0,0.0,0.0,0.0,0.0,0.0,0.0,0.0,0.0,0.0,0.0,0.0,0.0,0.0,0.0,0.0,0.0,0.0,0.0,0.0,0.0
0.544,6.124e-16,6.71e-16,0.0,0.0,0.0,0.0,0.0,0.0,0.0,0.0,0.0,0.0,0.0,0.0,0.0,0.0,0.0,0.0,0.0,0.0,0.0,0.0,0.0,0.0,0.0,0.0,0.0,0.0,0.0,0.0,0.0,0.0,0.0
1.224,6.095e-16,6.947e-16,0.0,0.0,0.0,0.0,0.0,0.0,0.0,0.0,0.0,0.0,0.0,0.0,0.0,0.0,0.0,0.0,0.0,0.0,0.0,0.0,0.0,0.0,0.0,0.0,0.0,0.0,0.0,0.0,0.0,0.0,0.0
2.177,5.934e-16,6.952e-16,0.0,0.0,0.0,0.0,0.0,0.0,0.0,0.0,0.0,0.0,0.0,0.0,0.0,0.0,0.0,0.0,0.0,0.0,0.0,0.0,0.0,0.0,0.0,0.0,0.0,0.0,0.0,0.0,0.0,0.0,0.0
3.401,5.686e-16,6.753e-16,0.0,0.0,0.0,0.0,0.0,0.0,0.0,0.0,0.0,0.0,0.0,0.0,0.0,0.0,0.0,0.0,0.0,0.0,0.0,0.0,0.0,0.0,0.0,0.0,0.0,0.0,0.0,0.0,0.0,0.0,0.0
4.898,5.369e-16,6.347e-16,0.0,0.0,0.0,0.0,0.0,0.0,0.0,0.0,0.0,0.0,0.0,0.0,0.0,0.0,0.0,0.0,0.0,0.0,0.0,0.0,0.0,0.0,0.0,0.0,0.0,0.0,0.0,0.0,0.0,0.0,0.0
6.667,5.007e-16,5.792e-16,0.0,0.0,0.0,0.0,0.0,0.0,0.0,0.0,0.0,0.0,0.0,0.0,0.0,0.0,0.0,0.0,0.0,0.0,0.0,0.0,0.0,0.0,0.0,0.0,0.0,0.0,0.0,0.0,0.0,0.0,0.0
8.708,4.616e-16,5.146e-16,0.0,0.0,0.0,0.0,0.0,0.0,0.0,0.0,0.0,0.0,0.0,0.0,0.0,0.0,0.0,0.0,0.0,0.0,0.0,0.0,0.0,0.0,0.0,0.0,0.0,0.0,0.0,0.0,0.0,0.0,0.0
11.021,4.264e-16,4.509e-16,0.0,0.0,0.0,0.0,0.0,0.0,0.0,0.0,0.0,0.0,0.0,0.0,0.0,0.0,0.0,0.0,0.0,0.0,0.0,0.0,0.0,0.0,0.0,0.0,0.0,0.0,0.0,0.0,0.0,0.0,0.0
13.606,3.812e-16,3.835e-16,0.0,0.0,0.0,0.0,0.0,0.0,0.0,0.0,0.0,0.0,0.0,0.0,0.0,0.0,0.0,0.0,0.0,0.0,0.0,0.0,0.0,0.0,0.0,0.0,0.0,0.0,0.0,0.0,0.0,0.0,0.0
16.463,3.448e-16,3.26e-16,0.0,0.0,0.0,0.0,0.0,0.0,0.0,0.0,0.0,0.0,0.0,0.0,0.0,0.0,0.0,0.0,0.0,0.0,0.0,0.0,0.0,0.0,0.0,0.0,0.0,0.0,0.0,0.0,0.0,0.0,0.0
19.592,3.12e-16,2.749e-16,0.0,0.0,0.0,0.0,0.0,0.0,0.0,0.0,0.0,0.0,0.0,0.0,0.0,0.0,0.0,0.0,0.0,0.0,0.0,0.0,0.0,0.0,0.0,0.0,0.0,0.0,0.0,0.0,0.0,0.0,0.0
19.7,3.09e-16,2.726e-16,0.0,0.0,7.078e-19,0.0,0.0,0.0,0.0,0.0,0.0,0.0,0.0,0.0,0.0,0.0,0.0,0.0,0.0,0.0,0.0,0.0,0.0,0.0,0.0,0.0,0.0,0.0,0.0,0.0,0.0,0.0,0.0
19.8,3.071e-16,2.695e-16,0.0,0.0,2.191e-18,0.0,0.0,0.0,0.0,0.0,0.0,0.0,0.0,0.0,0.0,0.0,0.0,0.0,0.0,0.0,0.0,0.0,0.0,0.0,0.0,0.0,0.0,0.0,0.0,0.0,0.0,0.0,0.0
19.9,3.051e-16,2.662e-16,0.0,0.0,3.855e-18,0.0,0.0,0.0,0.0,0.0,0.0,0.0,0.0,0.0,0.0,0.0,0.0,0.0,0.0,0.0,0.0,0.0,0.0,0.0,0.0,0.0,0.0,0.0,0.0,0.0,0.0,0.0,0.0
20.0,3.04e-16,2.643e-16,0.0,0.0,4.565e-18,0.0,0.0,0.0,0.0,0.0,0.0,0.0,0.0,0.0,0.0,0.0,0.0,0.0,0.0,0.0,0.0,0.0,0.0,0.0,0.0,0.0,0.0,0.0,0.0,0.0,0.0,0.0,0.0
20.1,3.022e-16,2.623e-16,0.0,0.0,5.17e-18,0.0,0.0,0.0,0.0,0.0,0.0,0.0,0.0,0.0,0.0,0.0,0.0,0.0,0.0,0.0,0.0,0.0,0.0,0.0,0.0,0.0,0.0,0.0,0.0,0.0,0.0,0.0,0.0
20.2,3.003e-16,2.604e-16,0.0,0.0,5.318e-18,0.0,0.0,0.0,0.0,0.0,0.0,0.0,0.0,0.0,0.0,0.0,0.0,0.0,0.0,0.0,0.0,0.0,0.0,0.0,0.0,0.0,0.0,0.0,0.0,0.0,0.0,0.0,0.0
20.3,2.988e-16,2.588e-16,0.0,0.0,5.258e-18,0.0,0.0,0.0,0.0,0.0,0.0,0.0,0.0,0.0,0.0,0.0,0.0,0.0,0.0,0.0,0.0,0.0,0.0,0.0,0.0,0.0,0.0,0.0,0.0,0.0,0.0,0.0,0.0
20.4,2.978e-16,2.58e-16,0.0,0.0,4.51e-18,0.0,0.0,0.0,0.0,0.0,0.0,0.0,0.0,0.0,0.0,0.0,0.0,0.0,0.0,0.0,0.0,0.0,0.0,0.0,0.0,0.0,0.0,0.0,0.0,0.0,0.0,0.0,0.0
20.5,2.947e-16,2.55e-16,1.141e-18,0.0,3.555e-18,0.0,0.0,0.0,0.0,0.0,0.0,0.0,0.0,0.0,0.0,0.0,0.0,0.0,0.0,0.0,0.0,0.0,0.0,0.0,0.0,0.0,0.0,0.0,0.0,0.0,0.0,0.0,0.0
20.6,2.956e-16,2.553e-16,1.301e-18,0.0,3.235e-18,0.0,0.0,0.0,0.0,0.0,0.0,0.0,0.0,0.0,0.0,0.0,0.0,0.0,0.0,0.0,0.0,0.0,0.0,0.0,0.0,0.0,0.0,0.0,0.0,0.0,0.0,0.0,0.0
20.7,2.949e-16,2.538e-16,1.482e-18,0.0,3.939e-18,0.0,0.0,0.0,0.0,0.0,0.0,0.0,0.0,0.0,0.0,0.0,0.0,0.0,0.0,0.0,0.0,0.0,0.0,0.0,0.0,0.0,0.0,0.0,0.0,0.0,0.0,0.0,0.0
20.8,2.934e-16,2.52e-16,2.095e-18,0.0,4.557e-18,0.0,0.0,0.0,0.0,0.0,0.0,0.0,0.0,0.0,0.0,0.0,0.0,0.0,0.0,0.0,0.0,0.0,0.0,0.0,0.0,0.0,0.0,0.0,0.0,0.0,0.0,0.0,0.0
20.9,2.918e-16,2.503e-16,2.233e-18,0.0,4.187e-18,0.0,0.0,0.0,3.29e-19,0.0,0.0,0.0,0.0,0.0,0.0,0.0,0.0,0.0,0.0,0.0,0.0,0.0,0.0,0.0,0.0,0.0,0.0,0.0,0.0,0.0,0.0,0.0,0.0
21.0,2.906e-16,2.486e-16,2.313e-18,0.0,3.734e-18,0.0,0.0,0.0,6.194e-19,0.0,0.0,0.0,0.0,0.0,0.0,0.0,0.0,0.0,0.0,0.0,0.0,0.0,0.0,0.0,0.0,0.0,0.0,0.0,0.0,0.0,0.0,0.0,0.0
21.1,2.898e-16,2.47e-16,2.433e-18,0.0,3.383e-18,0.0,0.0,0.0,9.01e-19,0.0,0.0,0.0,0.0,0.0,0.0,0.0,0.0,0.0,0.0,0.0,0.0,0.0,0.0,0.0,0.0,0.0,0.0,0.0,0.0,0.0,0.0,0.0,0.0
21.2,2.889e-16,2.457e-16,2.32e-18,1.909e-19,3.202e-18,0.0,0.0,0.0,1.011e-18,0.0,0.0,0.0,0.0,0.0,0.0,0.0,0.0,0.0,0.0,0.0,0.0,0.0,0.0,0.0,0.0,0.0,0.0,0.0,0.0,0.0,0.0,0.0,0.0
21.3,2.881e-16,2.445e-16,2.217e-18,2.718e-19,3.124e-18,0.0,0.0,0.0,1.065e-18,0.0,0.0,0.0,0.0,0.0,0.0,0.0,0.0,0.0,0.0,0.0,0.0,0.0,0.0,0.0,0.0,0.0,0.0,0.0,0.0,0.0,0.0,0.0,0.0
21.4,2.871e-16,2.431e-16,2.173e-18,3.428e-19,3.097e-18,0.0,0.0,0.0,1.155e-18,0.0,0.0,0.0,0.0,0.0,0.0,0.0,0.0,0.0,0.0,0.0,0.0,0.0,0.0,0.0,0.0,0.0,0.0,0.0,0.0,0.0,0.0,0.0,0.0
21.5,2.861e-16,2.416e-16,2.188e-18,4.553e-19,3.088e-18,0.0,0.0,0.0,1.289e-18,0.0,0.0,0.0,0.0,0.0,0.0,0.0,0.0,0.0,0.0,0.0,0.0,0.0,0.0,0.0,0.0,0.0,0.0,0.0,0.0,0.0,0.0,0.0,0.0
21.6,2.851e-16,2.402e-16,2.203e-18,5.71e-19,3.122e-18,0.0,0.0,0.0,1.371e-18,0.0,0.0,0.0,0.0,0.0,0.0,0.0,0.0,0.0,0.0,0.0,0.0,0.0,0.0,0.0,0.0,0.0,0.0,0.0,0.0,0.0,0.0,0.0,0.0
21.7,2.842e-16,2.389e-16,2.191e-18,6.603e-19,3.178e-18,0.0,0.0,0.0,1.425e-18,0.0,0.0,0.0,0.0,0.0,0.0,0.0,0.0,0.0,0.0,0.0,0.0,0.0,0.0,0.0,0.0,0.0,0.0,0.0,0.0,0.0,0.0,0.0,0.0
21.8,2.833e-16,2.376e-16,2.173e-18,7.229e-19,3.214e-18,0.0,0.0,0.0,1.467e-18,0.0,0.0,0.0,0.0,0.0,0.0,0.0,0.0,0.0,0.0,0.0,0.0,0.0,0.0,0.0,0.0,0.0,0.0,0.0,0.0,0.0,0.0,0.0,0.0
21.9,2.824e-16,2.364e-16,2.176e-18,7.765e-19,3.225e-18,0.0,0.0,0.0,1.526e-18,0.0,0.0,0.0,0.0,0.0,0.0,0.0,0.0,0.0,0.0,0.0,0.0,0.0,0.0,0.0,0.0,0.0,0.0,0.0,0.0,0.0,0.0,0.0,0.0
22.0,2.816e-16,2.352e-16,2.186e-18,8.665e-19,3.207e-18,0.0,0.0,0.0,1.625e-18,0.0,0.0,0.0,0.0,0.0,0.0,0.0,0.0,0.0,0.0,0.0,0.0,0.0,0.0,0.0,0.0,0.0,0.0,0.0,0.0,0.0,0.0,0.0,0.0
22.1,2.808e-16,2.341e-16,2.216e-18,9.416e-19,3.134e-18,0.0,0.0,0.0,1.712e-18,0.0,0.0,0.0,0.0,0.0,0.0,0.0,0.0,0.0,0.0,0.0,0.0,0.0,0.0,0.0,0.0,0.0,0.0,0.0,0.0,0.0,0.0,0.0,0.0
22.2,2.803e-16,2.333e-16,2.179e-18,1.041e-18,2.98e-18,0.0,0.0,0.0,1.814e-18,0.0,0.0,0.0,0.0,0.0,0.0,0.0,0.0,0.0,0.0,0.0,0.0,0.0,0.0,0.0,0.0,0.0,0.0,0.0,0.0,0.0,0.0,0.0,0.0
22.3,2.822e-16,2.356e-16,1.714e-18,1.067e-18,1.764e-18,0.0,0.0,0.0,1.875e-18,0.0,0.0,0.0,0.0,0.0,0.0,0.0,0.0,0.0,0.0,0.0,0.0,0.0,0.0,0.0,0.0,0.0,0.0,0.0,0.0,0.0,0.0,0.0,0.0
22.4,2.756e-16,2.283e-16,2.46e-18,1.29e-18,3.998e-18,0.0,0.0,0.0,2.027e-18,0.0,0.0,0.0,0.0,0.0,0.0,0.0,0.0,0.0,0.0,0.0,0.0,0.0,0.0,0.0,0.0,0.0,0.0,0.0,0.0,0.0,0.0,0.0,0.0
22.5,2.769e-16,2.283e-16,3.022e-18,9.085e-19,3.602e-18,0.0,0.0,0.0,2.565e-18,0.0,0.0,0.0,0.0,0.0,0.0,0.0,0.0,0.0,0.0,0.0,0.0,0.0,0.0,0.0,0.0,0.0,0.0,0.0,0.0,0.0,0.0,0.0,0.0
22.6,2.756e-16,2.271e-16,2.379e-18,9.374e-19,3.135e-18,0.0,0.0,0.0,1.628e-18,0.0,0.0,8.764e-19,0.0,0.0,0.0,0.0,0.0,0.0,0.0,0.0,0.0,0.0,0.0,0.0,0.0,0.0,0.0,0.0,0.0,0.0,0.0,0.0,0.0
22.7,2.746e-16,2.259e-16,2.431e-18,1.164e-18,2.973e-18,0.0,0.0,0.0,1.86e-18,0.0,0.0,7.759e-19,0.0,0.0,0.0,0.0,0.0,0.0,0.0,0.0,0.0,0.0,0.0,0.0,0.0,0.0,0.0,0.0,0.0,0.0,0.0,0.0,0.0
22.8,2.739e-16,2.25e-16,2.246e-18,1.037e-18,2.895e-18,0.0,0.0,3.826e-19,2.038e-18,0.0,0.0,8.601e-19,0.0,0.0,0.0,0.0,0.0,0.0,0.0,0.0,0.0,0.0,0.0,0.0,0.0,0.0,0.0,0.0,0.0,0.0,0.0,0.0,0.0
22.9,2.726e-16,2.236e-16,2.118e-18,1.112e-18,2.863e-18,0.0,0.0,5.093e-19,1.966e-18,0.0,0.0,5.946e-19,0.0,0.0,0.0,0.0,0.0,0.0,0.0,0.0,4.023e-19,0.0,0.0,0.0,0.0,0.0,0.0,0.0,0.0,0.0,0.0,0.0,0.0
22.994,2.715e-16,2.222e-16,2.198e-18,1.121e-18,3.004e-18,0.0,1.644e-19,4.558e-19,1.942e-18,2.695e-20,0.0,7.864e-19,0.0,0.0,0.0,0.0,2.971e-20,0.0,0.0,0.0,2.465e-19,0.0,0.0,0.0,0.0,0.0,0.0,0.0,0.0,0.0,0.0,0.0,0.0
23.0,2.715e-16,2.222e-16,2.203e-18,1.078e-18,2.884e-18,0.0,1.358e-19,4.329e-19,1.933e-18,4.605e-20,0.0,8.229e-19,0.0,0.0,0.0,0.0,5.601e-20,0.0,0.0,0.0,2.275e-19,0.0,0.0,0.0,0.0,0.0,0.0,0.0,0.0,0.0,0.0,0.0,0.0
23.1,2.706e-16,2.209e-16,2.235e-18,1.044e-18,2.834e-18,0.0,1.849e-19,4.027e-19,1.839e-18,9.036e-20,0.0,8.756e-19,0.0,0.0,0.0,0.0,1.124e-19,0.0,0.0,0.0,2.317e-19,0.0,0.0,0.0,0.0,0.0,0.0,0.0,0.0,0.0,0.0,0.0,0.0
23.2,2.698e-16,2.197e-16,2.311e-18,1.103e-18,2.922e-18,0.0,2.084e-19,3.928e-19,1.919e-18,1.773e-19,0.0,7.843e-19,0.0,0.0,0.0,0.0,9.406e-20,0.0,0.0,0.0,2.486e-19,0.0,0.0,0.0,0.0,0.0,0.0,0.0,0.0,0.0,0.0,0.0,0.0
23.3,2.695e-16,2.193e-16,2.162e-18,1.229e-18,2.594e-18,0.0,2.561e-19,3.048e-19,2.03e-18,2.496e-19,0.0,7.168e-19,0.0,0.0,0.0,0.0,1.341e-19,0.0,0.0,0.0,3.123e-19,0.0,0.0,0.0,0.0,0.0,0.0,0.0,0.0,0.0,0.0,0.0,0.0
23.4,2.678e-16,2.171e-16,2.342e-18,1.02e-18,2.78e-18,0.0,2.371e-19,5.347e-19,1.926e-18,2.033e-19,0.0,9.217e-19,0.0,0.0,0.0,0.0,1.357e-19,0.0,0.0,0.0,2.275e-19,0.0,0.0,0.0,0.0,0.0,0.0,0.0,0.0,0.0,0.0,0.0,0.0
23.5,2.673e-16,2.165e-16,2.306e-18,1.198e-18,2.672e-18,0.0,2.042e-19,3.297e-19,1.962e-18,1.397e-19,0.0,7.173e-19,0.0,0.0,0.0,0.0,1.98e-19,0.0,0.0,3.19e-19,3.701e-19,0.0,0.0,0.0,0.0,0.0,0.0,0.0,0.0,0.0,0.0,0.0,0.0
23.6,2.661e-16,2.151e-16,2.297e-18,1.159e-18,2.776e-18,0.0,1.923e-19,2.711e-19,2.09e-18,1.423e-19,0.0,6.993e-19,0.0,0.0,0.0,1.153e-19,1.931e-19,0.0,0.0,3.385e-19,3.177e-19,0.0,0.0,0.0,0.0,0.0,0.0,0.0,0.0,0.0,0.0,0.0,1.338e-19
26.667,2.418e-16,1.837e-16,2.338e-18,2.313e-18,2.396e-18,0.0,1.674e-19,3.813e-19,2.59e-18,1.46e-19,1.082e-20,6.317e-19,0.0,1.131e-19,1.344e-20,1.522e-19,4.242e-19,8.895e-20,3.283e-20,1.826e-19,5.405e-19,8.684e-20,2.686e-20,1.442e-19,0.0,7.321e-20,4.534e-20,2.224e-19,2.368e-19,1.207e-19,4.864e-20,9.966e-20,3.002e-19
30.613,2.149e-16,1.519e-16,2.18e-18,3.563e-18,1.767e-18,0.0,1.863e-19,4.427e-19,2.68e-18,1.142e-19,8.687e-21,4.952e-19,0.0,1.017e-19,6.86e-21,1.737e-19,7.37e-19,5.965e-20,1.53e-20,2.091e-19,6.056e-19,8.045e-20,9.739e-21,1.647e-19,0.0,6.943e-20,6.496e-20,9.895e-20,3.026e-19,2.713e-19,4.744e-20,2.962e-19,2.442e-19
34.831,1.902e-16,1.258e-16,2.055e-18,4.508e-18,1.455e-18,0.0,1.937e-19,4.395e-19,2.116e-18,9.227e-20,9.005e-21,4.304e-19,0.0,1.172e-19,5.713e-21,1.81e-19,9.054e-19,5.823e-20,1.774e-20,1.764e-19,5.233e-19,1.731e-19,7.43e-21,2.154e-19,0.0,9.452e-20,3.981e-20,1.981e-19,3.609e-19,2.289e-19,3.318e-20,1.834e-19,2.149e-19
39.321,1.697e-16,1.055e-16,1.979e-18,5.53e-18,1.126e-18,0.0,1.955e-19,4.158e-19,1.791e-18,6.171e-20,7.66e-21,3.233e-19,0.0,1.142e-19,2.558e-21,1.668e-19,1.146e-18,4.624e-20,1.021e-20,1.324e-19,4.702e-19,1.369e-19,6.615e-21,1.869e-19,0.0,3.826e-20,3.394e-20,1.079e-19,4.832e-19,2.794e-19,1.113e-20,2.885e-19,2.2e-19
44.083,1.512e-16,8.849e-17,1.854e-18,6.485e-18,8.87e-19,0.0,1.901e-19,3.718e-19,1.527e-18,4.736e-20,4.977e-21,2.43e-19,0.0,1.123e-19,8.437e-22,1.635e-19,1.402e-18,2.882e-20,1.212e-20,1.005e-19,4.202e-19,1.402e-19,3.673e-21,1.634e-19,0.0,4.783e-20,2.047e-20,9.178e-20,5.71e-19,2.397e-19,5.854e-21,2.672e-19,1.905e-19
49.117,1.355e-16,7.505e-17,1.769e-18,7.157e-18,6.91e-19,0.0,1.793e-19,3.52e-19,1.19e-18,3.198e-20,5.206e-21,1.78e-19,0.0,1.03e-19,6.547e-22,1.521e-19,1.579e-18,1.962e-20,6.997e-21,7.155e-20,3.399e-19,1.354e-19,1.461e-21,1.504e-19,0.0,2.785e-20,2.053e-20,7.172e-20,6.597e-19,2.166e-19,4.631e-21,2.21e-19,1.537e-19
60.002,1.096e-16,5.447e-17,1.612e-18,8.306e-18,4.321e-19,0.0,1.636e-19,3.203e-19,7.54e-19,1.75e-20,3.386e-21,1.074e-19,0.0,9.468e-20,2.67e-22,1.269e-19,1.881e-18,1.078e-20,5.849e-21,4.318e-20,2.225e-19,1.248e-19,1.832e-21,1.416e-19,0.0,1.319e-20,1.552e-20,3.818e-20,7.935e-19,1.948e-19,2.296e-21,1.834e-19,9.727e-20
65.852,9.863e-17,4.682e-17,1.599e-18,8.722e-18,3.438e-19,0.0,1.583e-19,3.158e-19,6.021e-19,1.389e-20,2.752e-21,8.49e-20,0.0,8.828e-20,1.679e-22,1.29e-19,2.012e-18,7.691e-21,5.904e-21,3.534e-20,1.8e-19,1.148e-19,6.001e-22,1.205e-19,0.0,1.429e-20,1.25e-20,2.822e-20,8.506e-19,1.901e-19,1.709e-21,2.01e-19,7.897e-20
71.975,8.949e-17,4.056e-17,1.475e-18,8.978e-18,3.02e-19,0.0,1.565e-19,2.9e-19,5.006e-19,9.163e-21,2.922e-21,6.637e-20,1.731e-20,8.48e-20,3.237e-22,1.136e-19,2.096e-18,5.408e-21,4.092e-21,2.368e-20,1.493e-19,1.086e-19,1.09e-21,1.201e-19,0.0,5.261e-21,1.234e-20,2.328e-20,8.924e-19,1.694e-19,1.222e-21,1.601e-19,6.119e-20
78.369,8.131e-17,3.522e-17,1.46e-18,9.013e-18,2.356e-19,0.0,1.424e-19,3.165e-19,4.08e-19,7.321e-21,3.664e-21,5.212e-20,1.105e-20,8.166e-20,1.225e-22,1.284e-19,2.168e-18,4.881e-21,3.74e-21,1.934e-20,1.265e-19,9.034e-20,2.7e-22,1.173e-19,0.0,5.584e-21,9.13e-21,1.919e-20,9.052e-19,1.752e-19,7.744e-22,1.655e-19,5.563e-20
85.036,7.435e-17,3.083e-17,1.387e-18,9.184e-18,2e-19,0.0,1.324e-19,3.038e-19,3.134e-19,5.204e-21,1.763e-21,4.492e-20,1.104e-20,7.579e-20,7.656e-23,1.228e-19,2.155e-18,3.323e-21,3.053e-21,1.75e-20,9.497e-20,9.245e-20,3.63e-22,1.283e-19,0.0,4.002e-21,8.365e-21,1.598e-20,9.197e-19,1.558e-19,8.453e-22,1.785e-19,4.413e-20
91.975,6.769e-17,2.694e-17,1.343e-18,9.315e-18,1.662e-19,0.0,1.25e-19,2.885e-19,2.515e-19,3.877e-21,1.433e-21,3.675e-20,1.494e-20,7.134e-20,6.39e-23,1.163e-19,2.21e-18,2.328e-21,2.743e-21,1.442e-20,7.722e-20,8.881e-20,2.824e-22,1.183e-19,0.0,3.933e-21,6.102e-21,1.22e-20,9.452e-19,1.511e-19,8.085e-22,1.72e-19,3.533e-20
99.186,6.221e-17,2.384e-17,1.292e-18,9.363e-18,1.368e-19,0.0,1.161e-19,2.795e-19,1.973e-19,2.924e-21,1.105e-21,3.068e-20,1.891e-20,6.56e-20,6.735e-23,1.13e-19,2.219e-18,1.891e-21,2.418e-21,1.186e-20,6.008e-20,8.238e-20,4.46e-22,1.175e-19,0.0,2.991e-21,5.874e-21,1.085e-20,9.466e-19,1.347e-19,8.762e-22,1.653e-19,2.676e-20
106.67,5.706e-17,2.108e-17,1.227e-18,9.322e-18,1.189e-19,0.0,1.137e-19,2.715e-19,1.535e-19,2.307e-21,1.196e-21,2.63e-20,2.491e-20,6.416e-20,3.684e-23,1.1e-19,2.228e-18,1.408e-21,1.962e-21,1.018e-20,4.691e-20,7.817e-20,9.021e-23,1.133e-19,0.0,1.976e-21,5.453e-21,9.281e-21,9.568e-19,1.311e-19,3.059e-22,1.627e-19,2.13e-20
114.43,5.284e-17,1.887e-17,1.178e-18,9.233e-18,1.014e-19,0.0,1.028e-19,2.565e-19,1.177e-19,1.701e-21,9.327e-22,2.244e-20,2.298e-20,5.918e-20,2.942e-23,1.044e-19,2.218e-18,1.023e-21,1.778e-21,8.652e-21,3.631e-20,7.92e-20,1.569e-22,1.077e-19,0.0,1.618e-21,4.522e-21,7.624e-21,9.532e-19,1.196e-19,4.14e-22,1.54e-19,1.613e-20
122.45,4.876e-17,1.679e-17,1.135e-18,9.126e-18,8.839e-20,0.0,1.022e-19,2.542e-19,9.544e-20,1.383e-21,7.578e-22,1.937e-20,1.299e-20,5.612e-20,1.7e-23,9.939e-20,2.214e-18,9.45e-22,1.308e-21,7.5e-21,2.988e-20,6.923e-20,5.873e-23,1.062e-19,0.0,9.856e-22,4.03e-21,7.144e-21,9.532e-19,1.142e-19,1.537e-22,1.44e-19,1.325e-20
130.75,4.536e-17,1.507e-17,1.082e-18,9.013e-18,7.393e-20,0.0,9.564e-20,2.42e-19,7.992e-20,1.049e-21,7.472e-22,1.648e-20,4.248e-21,5.389e-20,2.547e-23,9.801e-20,2.181e-18,6.634e-22,1.29e-21,6.395e-21,2.455e-20,6.607e-20,1.314e-22,1.031e-19,0.0,9.595e-22,3.2e-21,5.863e-21,9.43e-19,1.158e-19,3.412e-22,1.441e-19,1.124e-20
148.17,3.911e-17,1.219e-17,1.012e-18,8.74e-18,6.298e-20,1.23e-21,8.809e-20,2.226e-19,6.381e-20,8.642e-22,5.145e-22,1.36e-20,4.36e-21,5.071e-20,8.916e-23,9.031e-20,2.129e-18,5.653e-22,1.098e-21,5.284e-21,2.015e-20,5.639e-20,8.434e-22,9.33e-20,4.724e-21,8.699e-22,2.669e-21,4.426e-21,9.256e-19,9.439e-20,7.167e-22,1.322e-19,9.3e-21
157.28,3.653e-17,1.102e-17,9.733e-19,8.624e-18,5.194e-20,1.804e-21,8.324e-20,2.154e-19,5.119e-20,7.019e-22,4.817e-22,1.139e-20,3.586e-21,4.723e-20,3.198e-23,8.761e-20,2.103e-18,5.468e-22,1.057e-21,4.407e-21,1.568e-20,5.76e-20,1.913e-22,8.959e-20,3.479e-21,8.674e-22,2.198e-21,3.989e-21,9.12e-19,9.082e-20,1.653e-22,1.294e-19,7.115e-21
166.67,3.415e-17,1.001e-17,9.461e-19,8.445e-18,4.413e-20,1.57e-21,7.791e-20,2.084e-19,4.272e-20,5.539e-22,4.248e-22,9.741e-21,2.747e-21,4.591e-20,8.752e-24,8.512e-20,2.062e-18,4.303e-22,1.003e-21,3.764e-21,1.302e-20,5.261e-20,5.579e-23,8.791e-20,4.084e-21,6.101e-22,2.014e-21,3.472e-21,8.954e-19,8.876e-20,1.229e-22,1.262e-19,5.837e-21
176.33,3.193e-17,9.105e-18,9.059e-19,8.335e-18,3.98e-20,1.89e-21,7.268e-20,2.001e-19,3.557e-20,4.633e-22,4.226e-22,8.785e-21,2.33e-21,4.08e-20,1.691e-23,8.126e-20,2.037e-18,3.443e-22,7.307e-22,3.41e-21,1.085e-20,4.758e-20,1.793e-22,8.366e-20,3.668e-21,4.713e-22,2.094e-21,3.027e-21,8.832e-19,8.182e-20,2.812e-22,1.208e-19,4.936e-21
186.26,3.001e-17,8.31e-18,8.673e-19,8.183e-18,3.264e-20,2.112e-21,6.828e-20,1.92e-19,3.038e-20,3.817e-22,3.794e-22,7.247e-21,1.621e-21,3.832e-20,6.174e-23,7.764e-20,2.003e-18,2.577e-22,7.864e-22,2.849e-21,9.182e-21,4.728e-20,3.911e-22,8.058e-20,3.521e-21,4.18e-22,1.938e-21,2.406e-21,8.682e-19,7.814e-20,2.762e-22,1.16e-19,4.134e-21
196.47,2.817e-17,7.561e-18,8.458e-19,8.018e-18,4.084e-20,1.887e-21,6.235e-20,1.805e-19,2.644e-20,3.031e-22,3.65e-22,7.7e-21,1.734e-21,3.587e-20,4.859e-23,7.298e-20,1.981e-18,5.348e-22,7.304e-22,2.832e-21,7.885e-21,4.624e-20,3.646e-22,7.669e-20,3.782e-21,1.51e-21,2.298e-21,2.641e-21,8.6e-19,8.242e-20,2.536e-22,1.081e-19,3.521e-21
206.94,2.653e-17,6.938e-18,7.997e-19,7.871e-18,3.049e-20,1.586e-21,6.032e-20,1.766e-19,2.218e-20,2.632e-22,3.556e-22,6.039e-21,1.218e-21,3.428e-20,2.212e-23,7.162e-20,1.938e-18,1.766e-22,6.514e-22,2.184e-21,6.806e-21,4.175e-20,3.22e-22,7.421e-20,1.549e-21,4.642e-22,1.588e-21,2.354e-21,8.426e-19,7.381e-20,4.38e-22,1.062e-19,2.999e-21
217.69,2.5e-17,6.366e-18,7.749e-19,7.738e-18,2.413e-20,1.274e-21,5.638e-20,1.703e-19,1.753e-20,2.173e-22,4.363e-22,5.37e-21,8.161e-22,3.171e-20,5.802e-23,6.856e-20,1.908e-18,1.467e-22,7.739e-22,2.019e-21,5.576e-21,3.958e-20,2.695e-22,7.229e-20,1.252e-21,3.295e-22,1.804e-21,1.959e-21,8.255e-19,6.47e-20,5.142e-22,1.006e-19,2.582e-21
240.01,2.234e-17,5.383e-18,7.224e-19,7.426e-18,1.846e-20,1.046e-21,5.099e-20,1.597e-19,1.346e-20,1.63e-22,2.484e-22,4.014e-21,4.86e-22,2.856e-20,1.603e-23,6.446e-20,1.832e-18,1.11e-22,8.735e-22,1.575e-21,4.194e-21,3.566e-20,1.666e-22,6.614e-20,7.249e-22,7.084e-22,1.552e-21,1.354e-21,8.003e-19,5.675e-20,4.65e-22,9.399e-20,1.912e-21
275.52,1.904e-17,4.251e-18,6.411e-19,6.968e-18,1.269e-20,7.818e-22,4.417e-20,1.432e-19,9.409e-21,1.018e-22,6.372e-22,2.825e-21,2.193e-22,2.608e-20,3.732e-23,5.682e-20,1.727e-18,1.793e-22,8.598e-22,9.248e-22,2.92e-21,3.183e-20,2.56e-22,6.144e-20,2.592e-22,2.767e-22,1.213e-21,1.146e-21,7.511e-19,4.959e-20,3.532e-22,8.419e-20,1.239e-21
340.14,1.497e-17,2.962e-18,5.345e-19,6.233e-18,7.281e-21,4.869e-22,3.543e-20,1.19e-19,4.921e-21,4.737e-23,2.377e-22,1.582e-21,7.132e-23,1.919e-20,1.837e-23,4.82e-20,1.55e-18,8.214e-23,6.359e-22,6.102e-22,1.517e-21,2.383e-20,7.53e-23,5.006e-20,1.08e-22,2.29e-22,1.03e-21,5.495e-22,6.762e-19,3.792e-20,1.043e-22,7.166e-20,6.896e-22
411.58,1.208e-17,2.137e-18,4.546e-19,5.572e-18,4.396e-21,2.943e-22,2.909e-20,1.012e-19,2.836e-21,2.59e-23,2.452e-22,9.486e-22,2.864e-23,1.692e-20,8.505e-23,4.075e-20,1.388e-18,1.321e-22,7.998e-22,3.69e-22,8.689e-22,2.115e-20,1.408e-22,4.267e-20,6.347e-23,1.739e-22,1.752e-21,3.268e-22,6.072e-19,3.378e-20,1.643e-22,6.056e-20,4.013e-22
489.81,9.953e-18,1.587e-18,3.896e-19,5.01e-18,2.796e-21,1.907e-22,2.455e-20,8.721e-20,1.7e-21,2.047e-23,5.556e-22,6.02e-22,1.21e-23,1.39e-20,9.934e-23,3.524e-20,1.247e-18,9.102e-23,1.088e-21,2.343e-22,5.191e-22,1.685e-20,1.106e-22,3.671e-20,3.177e-23,7.034e-23,1.177e-21,2.112e-22,5.449e-19,2.827e-20,3.214e-22,5.196e-20,2.442e-22
666.68,7.097e-18,9.339e-19,2.945e-19,4.1e-18,1.197e-21,9.774e-23,1.788e-20,6.602e-20,6.625e-22,8.515e-24,1.393e-22,2.564e-22,2.959e-24,1.062e-20,4.353e-23,2.678e-20,1.022e-18,1.141e-22,5.895e-22,9.998e-23,2.036e-22,1.274e-20,7.066e-23,2.776e-20,9.87e-24,5.75e-23,9.878e-22,8.956e-23,4.465e-19,2.125e-20,1.022e-22,3.936e-20,9.364e-23
870.77,5.321e-18,5.885e-19,2.303e-19,3.409e-18,5.558e-22,5.303e-23,1.377e-20,5.167e-20,2.902e-22,4.784e-24,2.108e-22,1.182e-22,9.053e-25,8.115e-21,3.15e-23,2.102e-20,8.5e-19,1.43e-22,1.008e-21,4.437e-23,8.921e-23,9.927e-21,8.051e-23,2.167e-20,3.267e-24,8.807e-23,1.235e-21,4.492e-23,3.726e-19,1.597e-20,1.132e-22,3.119e-20,4.4e-23
1102.1,4.139e-18,3.906e-19,1.846e-19,2.877e-18,2.801e-22,2.898e-23,1.093e-20,4.145e-20,1.402e-22,2.729e-24,3.937e-22,5.895e-23,3.264e-25,6.738e-21,3.511e-23,1.676e-20,7.175e-19,2.712e-23,9.721e-22,2.848e-23,4.333e-23,8.034e-21,6.457e-23,1.759e-20,1.244e-24,5.015e-23,1.305e-21,1.847e-23,3.106e-19,1.32e-20,8.865e-23,2.498e-20,2.281e-23
1360.6,3.318e-18,2.705e-19,1.512e-19,2.464e-18,1.509e-22,1.575e-23,8.622e-21,3.398e-20,7.331e-23,2.728e-24,5.755e-22,3.206e-23,1.343e-25,5.408e-21,3.916e-23,1.396e-20,5.893e-19,6.067e-23,2.048e-21,1.302e-23,2.263e-23,6.379e-21,8.527e-23,1.417e-20,4.473e-25,4.471e-23,3.637e-21,9.485e-24,2.607e-19,1.081e-20,5.901e-23,2.056e-20,1.22e-23
